sample_name,case_id,image_id,feature_name,lesion_pixels,lesion_ratio,lesion_mean_activation,background_mean_activation,lesion_background_diff,lesion_background_ratio,pred_prob_on_lesion
000__0006__0006_001,0006,0006_001,ct1,41.0,0.000156402587890625,0.460610692094012,0.31561691634586403,0.14499377574814798,1.4593979860992583,1.4631872678675303e-05
000__0006__0006_001,0006,0006_001,pet1,41.0,0.000156402587890625,0.3328736002852277,0.45308616149948683,-0.1202125612142591,0.7346805719768263,1.4631872678675303e-05
000__0006__0006_001,0006,0006_001,ct2,41.0,0.000156402587890625,0.6093770469107279,0.933803337809945,-0.32442629089921704,0.6525753573979548,1.4631872678675303e-05
000__0006__0006_001,0006,0006_001,pet2,41.0,0.000156402587890625,0.751622455876048,0.6260754359927204,0.12554701988332762,1.2005301800161785,1.4631872678675303e-05
000__0006__0006_001,0006,0006_001,ct3,41.0,0.000156402587890625,0.16170715704196836,0.03048928477664315,0.13121787226532522,5.303737303993662,1.4631872678675303e-05
000__0006__0006_001,0006,0006_001,pet3,41.0,0.000156402587890625,0.02480902613663092,0.00968730435440695,0.015121721782223969,2.5609834510200757,1.4631872678675303e-05
000__0006__0006_001,0006,0006_001,ct4,41.0,0.000156402587890625,0.12835960853390577,0.30028551514099416,-0.1719259066070884,0.4274585421599061,1.4631872678675303e-05
000__0006__0006_001,0006,0006_001,pet4,41.0,0.000156402587890625,0.10323431433700933,0.1294889616391266,-0.026254647302117268,0.7972441282270339,1.4631872678675303e-05
001__0006__0006_018,0006,0006_018,ct1,647.0,0.002468109130859375,0.34262544847161175,0.33612004272515555,0.006505405746456194,1.0193544118753302,0.8752712149524247
001__0006__0006_018,0006,0006_018,pet1,647.0,0.002468109130859375,0.16739805478032627,0.48748638249195975,-0.3200883277116335,0.3433902172294776,0.8752712149524247
001__0006__0006_018,0006,0006_018,ct2,647.0,0.002468109130859375,0.6009250741100753,0.9399063373575988,-0.3389812632475234,0.6393456988485504,0.8752712149524247
001__0006__0006_018,0006,0006_018,pet2,647.0,0.002468109130859375,0.35687053037758404,0.8520747847967663,-0.4952042544191823,0.41882536221595085,0.8752712149524247
001__0006__0006_018,0006,0006_018,ct3,647.0,0.002468109130859375,0.35645446305665573,0.025849035791997613,0.33060542726465814,13.789855293829083,0.8752712149524247
001__0006__0006_018,0006,0006_018,pet3,647.0,0.002468109130859375,0.2970282482400744,0.011717537218698972,0.28531071102137545,25.349033905014913,0.8752712149524247
001__0006__0006_018,0006,0006_018,ct4,647.0,0.002468109130859375,0.21110338921524827,0.2721292273429523,-0.06102583812770404,0.7757468437934603,0.8752712149524247
001__0006__0006_018,0006,0006_018,pet4,647.0,0.002468109130859375,0.12846685819316317,0.12955987843550787,-0.0010930202423447,0.9915635900902086,0.8752712149524247
002__0006__0006_002,0006,0006_002,ct1,85.0,0.000324249267578125,0.35833996043485755,0.3087804177685178,0.04955954266633977,1.160500924976055,0.00011794818017412634
002__0006__0006_002,0006,0006_002,pet1,85.0,0.000324249267578125,0.27634667789234835,0.44027021944485784,-0.1639235415525095,0.6276751542286855,0.00011794818017412634
002__0006__0006_002,0006,0006_002,ct2,85.0,0.000324249267578125,0.5470265556784237,0.9295052593118344,-0.38247870363341063,0.5885136745578166,0.00011794818017412634
002__0006__0006_002,0006,0006_002,pet2,85.0,0.000324249267578125,0.7441829905790441,0.6133103017831862,0.1308726887958579,1.2133873969104194,0.00011794818017412634
002__0006__0006_002,0006,0006_002,ct3,85.0,0.000324249267578125,0.11483704062069164,0.029330346410541136,0.0855066942101505,3.9152977947583993,0.00011794818017412634
002__0006__0006_002,0006,0006_002,pet3,85.0,0.000324249267578125,0.07139471278471106,0.009941497102036182,0.06145321568267488,7.181485047165406,0.00011794818017412634
002__0006__0006_002,0006,0006_002,ct4,85.0,0.000324249267578125,0.17699479495777803,0.31689530077196354,-0.1399005058141855,0.5585276731040664,0.00011794818017412634
002__0006__0006_002,0006,0006_002,pet4,85.0,0.000324249267578125,0.10375175476074219,0.1302791964309564,-0.026527441670214202,0.7963800637634969,0.00011794818017412634
003__0006__0006_019,0006,0006_019,ct1,622.0,0.00237274169921875,0.3268094814092017,0.31555844847661,0.011251032932591665,1.0356543549599357,0.8862465616207797
003__0006__0006_019,0006,0006_019,pet1,622.0,0.00237274169921875,0.1574497529548081,0.48186081142313075,-0.32441105846832263,0.3267535961054708,0.8862465616207797
003__0006__0006_019,0006,0006_019,ct2,622.0,0.00237274169921875,0.5442646676704431,0.9346097077874902,-0.39034504011704707,0.5823443338277383,0.8862465616207797
003__0006__0006_019,0006,0006_019,pet2,622.0,0.00237274169921875,0.3670317229733973,0.8301106121091151,-0.46307888913571776,0.4421479711491175,0.8862465616207797
003__0006__0006_019,0006,0006_019,ct3,622.0,0.00237274169921875,0.41610389047113644,0.027314487329818334,0.3887894031413181,15.2338165987428,0.8862465616207797
003__0006__0006_019,0006,0006_019,pet3,622.0,0.00237274169921875,0.2985449787888113,0.014224153054343899,0.28432082573446743,20.988594375229884,0.8862465616207797
003__0006__0006_019,0006,0006_019,ct4,622.0,0.00237274169921875,0.21847696089667906,0.26607259021229573,-0.04759562931561667,0.8211178788553877,0.8862465616207797
003__0006__0006_019,0006,0006_019,pet4,622.0,0.00237274169921875,0.11899956706252512,0.12482137317797355,-0.005821806115448427,0.9533589002650408,0.8862465616207797
004__0006__0006_003,0006,0006_003,ct1,150.0,0.00057220458984375,0.3389707946777344,0.3083090941491026,0.030661700528631763,1.099451171277495,0.8583872477213542
004__0006__0006_003,0006,0006_003,pet1,150.0,0.00057220458984375,0.15245997111002604,0.43297425227295283,-0.28051428116292676,0.3521224883689232,0.8583872477213542
004__0006__0006_003,0006,0006_003,ct2,150.0,0.00057220458984375,0.5132567850748698,0.92653618737452,-0.4132794022996502,0.5539522277367928,0.8583872477213542
004__0006__0006_003,0006,0006_003,pet2,150.0,0.00057220458984375,0.4930097961425781,0.7281757287380627,-0.23516593259548457,0.677047828821444,0.8583872477213542
004__0006__0006_003,0006,0006_003,ct3,150.0,0.00057220458984375,0.11355503082275391,0.027113786628939977,0.08644124419381394,4.188091924480612,0.8583872477213542
004__0006__0006_003,0006,0006_003,pet3,150.0,0.00057220458984375,0.17132771809895833,0.009913611153785964,0.16141410694517236,17.28206961532166,0.8583872477213542
004__0006__0006_003,0006,0006_003,ct4,150.0,0.00057220458984375,0.2723778533935547,0.35516125250005726,-0.08278339910650256,0.7669132020349285,0.8583872477213542
004__0006__0006_003,0006,0006_003,pet4,150.0,0.00057220458984375,0.1618333943684896,0.18460462715749215,-0.02277123278900256,0.876648634762683,0.8583872477213542
005__0006__0006_022,0006,0006_022,ct1,529.0,0.002017974853515625,0.3277961139642899,0.3092069931005485,0.018589120863741426,1.0601186948501407,0.8734873319167946
005__0006__0006_022,0006,0006_022,pet1,529.0,0.002017974853515625,0.13744981617918536,0.4756440762188712,-0.3381942600396859,0.2889761968063212,0.8734873319167946
005__0006__0006_022,0006,0006_022,ct2,529.0,0.002017974853515625,0.5616276241655836,0.9471100185386924,-0.3854823943731087,0.5929909019779199,0.8734873319167946
005__0006__0006_022,0006,0006_022,pet2,529.0,0.002017974853515625,0.35140740262988834,0.7623417283030407,-0.41093432567315236,0.4609578481452341,0.8734873319167946
005__0006__0006_022,0006,0006_022,ct3,529.0,0.002017974853515625,0.44714678528178164,0.02767481780837299,0.41947196747340865,16.15717177897727,0.8734873319167946
005__0006__0006_022,0006,0006_022,pet3,529.0,0.002017974853515625,0.2666872886268313,0.015051534794987387,0.2516357538318439,17.71827871770566,0.8734873319167946
005__0006__0006_022,0006,0006_022,ct4,529.0,0.002017974853515625,0.18408381961469164,0.23015819405424,-0.04607437443954837,0.7998143206290093,0.8734873319167946
005__0006__0006_022,0006,0006_022,pet4,529.0,0.002017974853515625,0.1494244177084564,0.17023788833304665,-0.02081347062459024,0.8777389050792759,0.8734873319167946
006__0006__0006_004,0006,0006_004,ct1,150.0,0.00057220458984375,0.3597376759847005,0.32612188280075116,0.03361579318394936,1.1030773920941925,0.9681212361653646
006__0006__0006_004,0006,0006_004,pet1,150.0,0.00057220458984375,0.12129539489746094,0.4607461788247059,-0.339450783927245,0.2632586019635957,0.9681212361653646
006__0006__0006_004,0006,0006_004,ct2,150.0,0.00057220458984375,0.49532333374023435,0.927353536722215,-0.43203020298198064,0.5341256749728733,0.9681212361653646
006__0006__0006_004,0006,0006_004,pet2,150.0,0.00057220458984375,0.5123288981119791,0.8600338891348657,-0.34770499102288654,0.5957078024301419,0.9681212361653646
006__0006__0006_004,0006,0006_004,ct3,150.0,0.00057220458984375,0.13300224304199218,0.02592039992447346,0.10708184311751873,5.131180206691735,0.9681212361653646
006__0006__0006_004,0006,0006_004,pet3,150.0,0.00057220458984375,0.2222443644205729,0.008995702452572864,0.21324866196800005,24.705615330463573,0.9681212361653646
006__0006__0006_004,0006,0006_004,ct4,150.0,0.00057220458984375,0.26939325968424477,0.31676983776346024,-0.04737657807921547,0.8504384810949308,0.9681212361653646
006__0006__0006_004,0006,0006_004,pet4,150.0,0.00057220458984375,0.1902663803100586,0.20422760158629588,-0.013961221276237279,0.9316389108631921,0.9681212361653646
007__0006__0006_023,0006,0006_023,ct1,529.0,0.002017974853515625,0.3756819726839408,0.34090134835540775,0.03478062432853307,1.102025481847823,0.8403669908952622
007__0006__0006_023,0006,0006_023,pet1,529.0,0.002017974853515625,0.1551871489036286,0.488520105880779,-0.3333329569771504,0.3176678851811706,0.8403669908952622
007__0006__0006_023,0006,0006_023,ct2,529.0,0.002017974853515625,0.6006274737121928,0.9484808306098657,-0.3478533568976728,0.6332520956970676,0.8403669908952622
007__0006__0006_023,0006,0006_023,pet2,529.0,0.002017974853515625,0.3590849676294453,0.7234411730978728,-0.3643562054684275,0.49635683035815475,0.8403669908952622
007__0006__0006_023,0006,0006_023,ct3,529.0,0.002017974853515625,0.47023774635588966,0.0286614029382394,0.4415763434176503,16.40665487900835,0.8403669908952622
007__0006__0006_023,0006,0006_023,pet3,529.0,0.002017974853515625,0.26122703624357574,0.014490692131089578,0.24673634411248616,18.027229747233175,0.8403669908952622
007__0006__0006_023,0006,0006_023,ct4,529.0,0.002017974853515625,0.1783090313801468,0.2263056071182845,-0.0479965757381377,0.7879125650074987,0.8403669908952622
007__0006__0006_023,0006,0006_023,pet4,529.0,0.002017974853515625,0.16346100372718278,0.18586157437933604,-0.022400570652153257,0.8794771284653244,0.8403669908952622
